pr_type_clean,n,prop
Double blind,46,0.26900584795321636
Not blinded,2,0.011695906432748537
Other,18,0.10526315789473684
Single blind,51,0.2982456140350877
Unsure,54,0.3157894736842105
